Animal ID,Name,Species,Breed,Age (years),Sex,BP,Heart Rate (bpm),Oxygen Saturation (%),Urine Changes in Color,Weight (kg),Health Status,Symptom 1,Symptom 2,Disease,Vaccination 1,Vaccination 2,Doctor Suggestion,Special Care
1,Brahma,Cat,Siamese,6.2,Male,137/62,101,96,Normal,5.4,Sick,Aggression,Salivation,Rabies,,,,
2,Tunga,Cat,Siamese,7.4,Male,138/81,83,95,Slightly Dark,9.7,Cold,Aggression,Salivation,Rabies,,,,
3,Brahma,Buffalo,Murrah,14.9,Male,102/73,110,93,Slightly Dark,484.2,Tired,Abortion,Joint swelling,Brucellosis,,,,
4,Vitala,Buffalo,Murrah,4.0,Female,129/68,107,96,Dark,831.5,Cough,Sudden death,Bloody discharge,Anthrax,,,,
5,Nandi,Goat,Boer,7.5,Female,138/88,66,100,Pale,67.4,Tired,Aggression,Salivation,Rabies,,,,
6,Sita,Sheep,Deccani,9.5,Male,139/69,73,92,Normal,53.5,Under Treatment,,,Healthy,,,,
7,Sita,Buffalo,Murrah,11.4,Male,124/70,96,96,Cloudy,885.9,Diarrhea,Blisters on mouth,Drooling,FMD (Foot and Mouth Disease),,,,
8,Nandi,Buffalo,Nili Ravi,12.6,Female,128/66,60,95,Normal,884.2,Cough,Blisters on mouth,Drooling,FMD (Foot and Mouth Disease),,,,
9,Ganga,Dog,Pug,8.0,Male,124/61,102,94,Pale,25.3,Fever,Swollen udder,Reduced milk yield,Mastitis,,,,
10,Pandu,Hen,Leghorn,10.8,Male,126/90,73,94,Cloudy,2.2,Dizzy,Fever,Mouth lesions,PPR (Peste des petits ruminants),,,,
11,Pandu,Buffalo,Nili Ravi,13.2,Male,129/77,117,100,Normal,742.9,Vaccinated,Abortion,Joint swelling,Brucellosis,,,,
12,Vitala,Goat,Barbari,10.1,Female,120/70,64,94,Slightly Dark,57.6,Sick,,,Healthy,,,,
13,Krishna,Cat,Siamese,11.1,Male,129/81,89,91,Cloudy,6.4,Diarrhea,Cough,Nasal discharge,Avian Influenza,,,,
14,Ganga,Goat,Saanen,11.9,Male,97/65,102,95,Dark,55.1,Cold,Fever,Mouth lesions,PPR (Peste des petits ruminants),,,,
15,Krishna,Hen,Leghorn,7.3,Male,92/79,70,99,Pale,3.1,Running Nose,,,Healthy,,,,
16,Pandu,Dog,German Shepherd,3.4,Male,127/74,63,90,Dark,10.5,Dizzy,cold,Ulcers in mouth,Feline Calicivirus,polo (2025-11-06),,,Yes
17,Brahma,Dog,Pug,11.4,Female,96/81,110,100,Dark,9.0,Cold,Swollen udder,Reduced milk yield,Mastitis,,,,
18,Vitala,Dog,Pug,9.8,Female,115/66,76,94,Dark,28.1,Cough,Sneezing,Ulcers in mouth,Feline Calicivirus,,,,
19,Brahma,Buffalo,Nili Ravi,12.1,Male,90/78,73,99,Dark,509.0,Diarrhea,Cough,Nasal discharge,Avian Influenza,,,,
20,Ganga,Hen,Rhode Island Red,10.8,Male,113/62,103,96,Cloudy,1.7,Dizzy,Vomiting,Diarrhea,Parvovirus,,,,
21,Brahma,Buffalo,Jaffarabadi,13.5,Male,98/89,107,100,Pale,673.6,Vaccinated,Cough,Nasal discharge,Avian Influenza,,,,
22,Sita,Buffalo,Murrah,7.5,Male,107/60,104,93,Normal,654.7,Running Nose,Swollen udder,Reduced milk yield,Mastitis,,,,
23,Pandu,Sheep,Deccani,11.9,Female,125/70,83,94,Normal,51.1,Under Treatment,Aggression,Salivation,Rabies,,,,
24,Vitala,Goat,Jamunapari,10.6,Male,109/75,84,99,Dark,49.4,Diarrhea,Cough,Nasal discharge,Avian Influenza,,,,
25,Pandu,Sheep,Suffolk,1.1,Female,104/89,79,100,Cloudy,61.7,Cold,Fever,Mouth lesions,PPR (Peste des petits ruminants),,,,
26,Kaveri,Cat,Maine Coon,2.4,Male,103/73,86,93,Dark,8.1,Dizzy,Aggression,Salivation,Rabies,,,,
27,Tunga,Hen,Rhode Island Red,8.5,Female,127/64,112,93,Cloudy,1.7,Under Treatment,Abortion,Joint swelling,Brucellosis,,,,
28,Tunga,Hen,Leghorn,11.6,Female,90/81,78,93,Normal,1.7,Tired,Cough,Nasal discharge,Avian Influenza,,,,
29,Pandu,Hen,Leghorn,13.9,Female,116/70,117,96,Slightly Dark,2.2,Running Nose,Sudden death,Bloody discharge,Anthrax,,,,
30,Ganga,Buffalo,Nili Ravi,4.1,Male,94/88,94,91,Pale,416.5,Running Nose,Vomiting,Diarrhea,Parvovirus,,,,
31,Rama,Buffalo,Jaffarabadi,2.1,Female,91/74,88,96,Dark,711.8,Sick,Aggression,Salivation,Rabies,,,,
32,Kaveri,Dog,Beagle,7.0,Female,128/72,62,97,Normal,28.1,Running Nose,Cough,Nasal discharge,Avian Influenza,,,,Yes
33,Ganga,Dog,Pug,13.8,Female,115/86,92,100,Pale,28.7,Cold,Swollen udder,Reduced milk yield,Mastitis,,,,
34,Ganga,Cow,Holstein,1.2,Male,133/72,88,96,Slightly Dark,444.8,Tired,Aggression,Salivation,Rabies,,,,
35,Pandu,Hen,Leghorn,15.0,Female,138/83,81,100,Cloudy,1.4,Fever,Sudden death,Bloody discharge,Anthrax,,,,
36,Sita,Cat,Siamese,4.6,Female,133/69,63,90,Pale,3.3,Fever,Aggression,Salivation,Rabies,,,,
37,Tunga,Hen,Plymouth Rock,13.7,Female,126/70,74,99,Dark,3.9,Sick,Cough,Nasal discharge,Avian Influenza,,,,
38,Nandi,Sheep,Merino,14.6,Male,135/71,109,94,Pale,55.4,Cold,,,Healthy,,,,
39,Krishna,Sheep,Dorper,0.7,Female,129/87,97,98,Normal,47.8,Cold,Blisters on mouth,Drooling,FMD (Foot and Mouth Disease),,,,
40,Kaveri,Cow,Holstein,14.5,Female,101/68,113,95,Cloudy,525.8,Diarrhea,Vomiting,Diarrhea,Parvovirus,,,,
41,Sita,Cow,Jersey,2.8,Male,139/63,75,100,Dark,613.6,Healthy,Abortion,Joint swelling,Brucellosis,,,,
42,Kaveri,Dog,German Shepherd,2.9,Male,108/77,106,96,Cloudy,19.4,Healthy,Swollen udder,Reduced milk yield,Mastitis,,,,
43,Pandu,Dog,Labrador,2.8,Male,110/72,110,95,Pale,19.7,Cold,Cough,Nasal discharge,Avian Influenza,,,,
44,Nandi,Cow,Jersey,11.7,Male,132/78,70,93,Slightly Dark,416.3,Under Treatment,Blisters on mouth,Drooling,FMD (Foot and Mouth Disease),,,,
45,Vitala,Buffalo,Jaffarabadi,6.2,Male,114/63,100,90,Pale,789.5,Healthy,Abortion,Joint swelling,Brucellosis,,,,
46,Sita,Sheep,Suffolk,4.6,Female,100/67,108,95,Cloudy,54.0,Under Treatment,Aggression,Salivation,Rabies,,,,
47,Vitala,Cow,Jersey,13.2,Male,128/84,73,97,Dark,767.0,Dizzy,Fever,Mouth lesions,PPR (Peste des petits ruminants),,,,
48,Vitala,Hen,Leghorn,10.0,Male,119/75,78,96,Cloudy,3.3,Vaccinated,Cough,Nasal discharge,Avian Influenza,,,,
49,Ganga,Dog,Beagle,4.6,Female,136/86,84,91,Slightly Dark,39.1,Running Nose,Swollen udder,Reduced milk yield,Mastitis,,,,
50,Nandi,Cow,Jersey,9.5,Male,90/88,91,93,Slightly Dark,793.3,Dizzy,Vomiting,Diarrhea,Parvovirus,,,,
51,Ganga,Buffalo,Nili Ravi,3.3,Male,91/90,90,99,Cloudy,841.7,Healthy,Swollen udder,Reduced milk yield,Mastitis,,,,
52,Vitala,Cow,Sahiwal,5.8,Male,93/82,108,90,Pale,349.9,Tired,,,Healthy,,,,
53,Tunga,Buffalo,Nili Ravi,13.0,Male,103/80,84,95,Cloudy,638.4,Tired,Vomiting,Diarrhea,Parvovirus,,,,
54,Ganga,Dog,Beagle,0.8,Male,124/90,98,99,Cloudy,8.7,Running Nose,Cough,Nasal discharge,Avian Influenza,,,,
55,Sita,Buffalo,Nili Ravi,12.5,Female,127/70,71,97,Normal,871.6,Cold,Swollen udder,Reduced milk yield,Mastitis,,,,
56,Vitala,Cow,Holstein,11.6,Female,98/77,102,94,Pale,528.4,Diarrhea,Blisters on mouth,Drooling,FMD (Foot and Mouth Disease),,,,
57,Sita,Cow,Jersey,8.3,Female,107/83,75,90,Dark,578.8,Running Nose,Fever,Mouth lesions,PPR (Peste des petits ruminants),,,,
58,Sita,Cow,Sahiwal,13.0,Female,97/60,82,98,Dark,378.3,Tired,,,Healthy,,,,
59,Vitala,Cat,Maine Coon,4.9,Female,92/66,120,94,Pale,6.1,Fever,Swollen udder,Reduced milk yield,Mastitis,,,,
60,Kaveri,Sheep,Suffolk,13.1,Male,124/88,106,91,Dark,59.7,Cold,Cough,Nasal discharge,Avian Influenza,,,,
61,Krishna,Goat,Jamunapari,5.6,Female,97/90,76,96,Slightly Dark,43.3,Cold,Vomiting,Diarrhea,Parvovirus,,,,
62,Tunga,Hen,Plymouth Rock,2.6,Male,125/73,74,100,Cloudy,2.3,Fever,Aggression,Salivation,Rabies,,,,
63,Kaveri,Cow,Gir,12.1,Female,121/68,62,97,Pale,676.3,Cough,Swollen udder,Reduced milk yield,Mastitis,,,,
64,Sita,Dog,German Shepherd,9.7,Male,108/83,99,100,Cloudy,6.0,Cold,Blisters on mouth,Drooling,FMD (Foot and Mouth Disease),,,,
65,Vitala,Buffalo,Jaffarabadi,14.8,Male,110/84,110,98,Dark,798.0,Cough,Swollen udder,Reduced milk yield,Mastitis,,,,
66,Tunga,Hen,Leghorn,0.9,Female,103/67,89,99,Normal,3.6,Under Treatment,Vomiting,Diarrhea,Parvovirus,,,,
67,Kaveri,Buffalo,Nili Ravi,4.2,Female,137/61,87,91,Slightly Dark,812.1,Running Nose,Vomiting,Diarrhea,Parvovirus,,,,
68,Nandi,Sheep,Merino,12.3,Female,112/62,119,93,Cloudy,89.4,Under Treatment,Cough,Nasal discharge,Avian Influenza,,,,
69,Pandu,Cat,Persian,11.0,Male,140/79,94,94,Dark,4.9,Dizzy,Blisters on mouth,Drooling,FMD (Foot and Mouth Disease),,,,
70,Vitala,Cat,Persian,13.1,Female,112/72,85,99,Slightly Dark,7.0,Tired,,,Healthy,,,,
71,Kaveri,Goat,Saanen,6.1,Male,139/82,61,96,Pale,63.5,Under Treatment,Fever,Mouth lesions,PPR (Peste des petits ruminants),,,,
72,Nandi,Cow,Jersey,7.7,Male,130/77,120,99,Slightly Dark,285.9,Tired,Blisters on mouth,Drooling,FMD (Foot and Mouth Disease),,,,
73,Brahma,Cat,Persian,4.0,Female,100/85,90,91,Slightly Dark,7.8,Cold,Abortion,Joint swelling,Brucellosis,,,,
74,Kaveri,Buffalo,Jaffarabadi,13.1,Female,136/73,110,98,Slightly Dark,636.8,Cough,Sudden death,Bloody discharge,Anthrax,,,,
75,Pandu,Goat,Barbari,2.6,Male,128/79,76,90,Pale,47.9,Dizzy,Cough,Nasal discharge,Avian Influenza,,,,
76,Ganga,Cow,Jersey,9.6,Female,95/83,75,94,Pale,670.4,Dizzy,Sudden death,Bloody discharge,Anthrax,,,,
77,Sita,Cow,Holstein,8.6,Male,109/75,78,92,Pale,521.7,Fever,Vomiting,Diarrhea,Parvovirus,,,,
78,Nandi,Dog,Pug,6.8,Female,130/72,79,96,Cloudy,11.1,Cough,Sneezing,Ulcers in mouth,Feline Calicivirus,,,,
79,Pandu,Cat,Persian,8.1,Male,113/79,89,99,Dark,7.3,Under Treatment,Swollen udder,Reduced milk yield,Mastitis,,,,
80,Brahma,Sheep,Merino,13.6,Male,109/63,99,97,Dark,39.7,Cold,Cough,Nasal discharge,Avian Influenza,,,,
81,Pandu,Cow,Gir,13.7,Male,133/69,68,100,Cloudy,598.8,Diarrhea,Vomiting,Diarrhea,Parvovirus,,,,
82,Nandi,Cow,Gir,2.3,Female,101/79,109,93,Dark,274.4,Tired,Blisters on mouth,Drooling,FMD (Foot and Mouth Disease),,,,
83,Brahma,Sheep,Dorper,11.9,Female,134/84,71,95,Slightly Dark,63.2,Tired,Swollen udder,Reduced milk yield,Mastitis,,,,
84,Tunga,Cow,Jersey,15.0,Female,115/61,111,99,Normal,389.7,Tired,,,Healthy,,,,
85,Kaveri,Cat,Siamese,12.0,Female,95/65,61,90,Dark,9.7,Tired,Sudden death,Bloody discharge,Anthrax,,,,
86,Rama,Goat,Boer,13.5,Male,125/77,114,98,Normal,63.1,Sick,Swollen udder,Reduced milk yield,Mastitis,,,,
87,Rama,Cow,Jersey,7.4,Female,103/69,113,93,Normal,793.8,Cough,Aggression,Salivation,Rabies,,,,
88,Pandu,Dog,Labrador,2.6,Male,130/90,118,100,Slightly Dark,28.4,Cough,Swollen udder,Reduced milk yield,Mastitis,,,,
89,Brahma,Sheep,Suffolk,1.9,Female,133/73,112,100,Pale,39.0,Cold,Cough,Nasal discharge,Avian Influenza,,,,
90,Nandi,Goat,Jamunapari,6.6,Male,136/77,102,91,Slightly Dark,48.0,Vaccinated,Fever,Mouth lesions,PPR (Peste des petits ruminants),,,,
91,Tunga,Dog,German Shepherd,3.0,Female,129/88,63,100,Slightly Dark,28.6,Vaccinated,Cough,Nasal discharge,Avian Influenza,,,,
92,Sita,Cow,Holstein,4.8,Female,124/90,60,96,Normal,394.4,Tired,Cough,Nasal discharge,Avian Influenza,,,,
93,Rama,Goat,Saanen,11.0,Male,100/85,68,96,Cloudy,64.1,Fever,Sudden death,Bloody discharge,Anthrax,,,,
94,Pandu,Sheep,Merino,3.8,Female,139/75,108,98,Pale,48.6,Tired,Swollen udder,Reduced milk yield,Mastitis,,,,
95,Ganga,Cow,Sahiwal,4.6,Female,135/66,88,99,Dark,387.2,Healthy,Abortion,Joint swelling,Brucellosis,,,,
96,Nandi,Goat,Jamunapari,5.9,Male,95/90,80,95,Pale,44.9,Tired,Abortion,Joint swelling,Brucellosis,,,,
97,Vitala,Dog,Beagle,1.1,Male,135/88,116,99,Slightly Dark,9.4,Dizzy,Sneezing,Ulcers in mouth,Feline Calicivirus,,,,
98,Sita,Cat,Persian,12.4,Female,93/76,98,90,Slightly Dark,6.5,Cold,Vomiting,Diarrhea,Parvovirus,,,,
99,Rama,Hen,Plymouth Rock,14.1,Female,110/85,68,98,Slightly Dark,3.0,Sick,Swollen udder,Reduced milk yield,Mastitis,,,,
100,Vitala,Goat,Barbari,2.5,Male,120/74,93,91,Normal,41.4,Healthy,Sudden death,Bloody discharge,Anthrax,,,,
101,Krishna,Sheep,Deccani,13.3,Female,128/78,70,98,Dark,60.9,Healthy,Vomiting,Diarrhea,Parvovirus,,,,
102,Pandu,Dog,Labrador,7.8,Female,106/75,68,93,Dark,36.7,Vaccinated,fever,Ulcers in mouth,Feline Calicivirus,polo (2025-11-06),,,Yes
103,Pandu,Goat,Saanen,13.6,Female,103/64,114,99,Pale,57.6,Sick,Blisters on mouth,Drooling,FMD (Foot and Mouth Disease),,,,
104,Pandu,Hen,Rhode Island Red,11.1,Male,98/89,110,97,Slightly Dark,3.2,Fever,,,Healthy,,,,
105,Brahma,Cow,Gir,13.0,Male,115/69,76,99,Dark,654.2,Running Nose,Vomiting,Diarrhea,Parvovirus,,,,
106,Sita,Dog,Beagle,1.0,Female,110/68,84,95,Cloudy,29.7,Under Treatment,Abortion,Joint swelling,Brucellosis,,,,
107,Ganga,Goat,Barbari,3.5,Male,98/69,85,95,Cloudy,43.0,Under Treatment,Swollen udder,Reduced milk yield,Mastitis,,,,
108,Sita,Dog,Pug,12.5,Female,124/78,61,94,Cloudy,7.7,Cough,Abortion,Joint swelling,Brucellosis,,,,
109,Nandi,Hen,Plymouth Rock,2.0,Female,129/63,120,96,Cloudy,4.0,Vaccinated,Swollen udder,Reduced milk yield,Mastitis,,,,
110,Pandu,Buffalo,Murrah,12.9,Female,97/67,118,91,Normal,701.4,Fever,,,Healthy,,,,
111,Tunga,Goat,Barbari,10.5,Female,115/74,82,90,Cloudy,54.4,Running Nose,Sneezing,Ulcers in mouth,Feline Calicivirus,,,,
112,Kaveri,Dog,Pug,6.2,Male,125/87,63,97,Cloudy,13.7,Tired,Sudden death,Bloody discharge,Anthrax,,,,
113,Pandu,Sheep,Deccani,10.7,Male,101/75,110,96,Normal,70.3,Fever,,,Healthy,,,,
114,Rama,Buffalo,Nili Ravi,11.0,Female,140/77,120,92,Pale,855.8,Diarrhea,Aggression,Salivation,Rabies,,,,
115,Rama,Buffalo,Nili Ravi,12.6,Male,127/83,66,97,Cloudy,801.2,Dizzy,Swollen udder,Reduced milk yield,Mastitis,,,,
116,Pandu,Cat,Bengal,2.4,Male,138/62,78,93,Pale,6.6,Cough,Blisters on mouth,Drooling,FMD (Foot and Mouth Disease),,,,
117,Pandu,Buffalo,Nili Ravi,5.5,Female,134/70,72,95,Slightly Dark,539.3,Running Nose,Vomiting,Diarrhea,Parvovirus,,,,
118,Rama,Sheep,Dorper,7.2,Male,106/82,66,90,Dark,74.0,Cold,Aggression,Salivation,Rabies,,,,
119,Krishna,Cat,Maine Coon,11.9,Female,125/87,101,93,Pale,4.2,Healthy,Aggression,Salivation,Rabies,,,,
120,Tunga,Buffalo,Murrah,12.0,Male,131/80,84,98,Normal,517.9,Sick,Abortion,Joint swelling,Brucellosis,,,,
121,Vitala,Cat,Bengal,1.6,Female,119/82,91,93,Normal,7.2,Fever,Aggression,Salivation,Rabies,,,,
122,Rama,Hen,Plymouth Rock,10.3,Male,107/85,98,90,Pale,1.7,Vaccinated,Fever,Mouth lesions,PPR (Peste des petits ruminants),,,,
123,Pandu,Dog,Beagle,2.5,Female,126/72,86,92,Slightly Dark,13.0,Dizzy,Aggression,Salivation,Rabies,,,,
124,Krishna,Cow,Jersey,6.2,Male,95/73,96,94,Normal,660.1,Tired,Blisters on mouth,Drooling,FMD (Foot and Mouth Disease),,,,
125,Sita,Hen,Leghorn,5.3,Male,94/79,109,99,Normal,2.8,Running Nose,Vomiting,Diarrhea,Parvovirus,,,,
126,Ganga,Goat,Barbari,1.6,Female,120/60,115,99,Cloudy,67.4,Cough,,,Healthy,,,,
127,Rama,Cat,Siamese,8.8,Female,118/90,117,93,Slightly Dark,7.2,Fever,Abortion,Joint swelling,Brucellosis,,,,
128,Tunga,Cat,Maine Coon,12.4,Female,111/76,63,93,Dark,6.8,Under Treatment,Aggression,Salivation,Rabies,,,,
129,Pandu,Cat,Siamese,5.8,Male,134/90,119,99,Pale,6.4,Cold,Vomiting,Diarrhea,Parvovirus,,,,
130,Kaveri,Cow,Holstein,11.0,Female,122/79,109,93,Pale,439.9,Running Nose,,,Healthy,,,,
131,Brahma,Goat,Barbari,13.4,Male,100/82,112,94,Cloudy,62.0,Cough,Cough,Nasal discharge,Avian Influenza,,,,
132,Kaveri,Hen,Rhode Island Red,6.6,Female,103/74,78,96,Dark,1.7,Dizzy,Vomiting,Diarrhea,Parvovirus,,,,
133,Sita,Goat,Barbari,12.0,Male,111/73,80,100,Normal,33.2,Under Treatment,Swollen udder,Reduced milk yield,Mastitis,,,,
134,Sita,Buffalo,Jaffarabadi,10.0,Male,133/63,107,93,Pale,699.7,Sick,Sudden death,Bloody discharge,Anthrax,,,,
135,Sita,Buffalo,Jaffarabadi,5.8,Male,128/72,90,95,Dark,816.5,Healthy,,,Healthy,,,,
136,Nandi,Cat,Persian,6.1,Male,127/85,66,94,Cloudy,5.8,Diarrhea,,,Healthy,,,,
137,Pandu,Goat,Boer,8.7,Male,128/80,105,96,Dark,61.5,Vaccinated,Fever,Mouth lesions,PPR (Peste des petits ruminants),,,,
138,Krishna,Cow,Sahiwal,2.5,Female,139/80,71,98,Dark,621.2,Running Nose,Cough,Nasal discharge,Avian Influenza,,,,
139,Nandi,Sheep,Deccani,10.7,Male,125/74,85,97,Cloudy,63.3,Diarrhea,Sudden death,Bloody discharge,Anthrax,,,,
140,Nandi,Cow,Gir,14.0,Male,123/84,81,96,Normal,689.2,Healthy,,,Healthy,,,,
141,Tunga,Dog,Pug,5.8,Female,108/87,82,98,Cloudy,21.8,Running Nose,Abortion,Joint swelling,Brucellosis,,,,
142,Nandi,Goat,Saanen,0.9,Male,96/68,92,91,Cloudy,46.2,Sick,Fever,Mouth lesions,PPR (Peste des petits ruminants),,,,
143,Vitala,Goat,Boer,4.0,Female,100/60,78,93,Cloudy,53.2,Sick,Sudden death,Bloody discharge,Anthrax,,,,
144,Brahma,Dog,Labrador,2.2,Female,130/89,62,99,Cloudy,9.6,Under Treatment,,,Healthy,,,,
145,Brahma,Sheep,Dorper,13.0,Female,98/87,87,91,Dark,40.6,Sick,Cough,Nasal discharge,Avian Influenza,,,,
146,Ganga,Goat,Boer,9.5,Male,97/62,81,90,Normal,60.1,Vaccinated,,,Healthy,,,,
147,Tunga,Sheep,Suffolk,10.8,Female,111/71,69,94,Slightly Dark,72.1,Healthy,Abortion,Joint swelling,Brucellosis,,,,
148,Ganga,Buffalo,Murrah,7.7,Female,94/63,85,99,Cloudy,461.4,Sick,Abortion,Joint swelling,Brucellosis,,,,
149,Rama,Cow,Holstein,11.0,Male,120/60,120,94,Dark,287.7,Running Nose,,,Healthy,,,,
150,Kaveri,Hen,Rhode Island Red,10.8,Female,138/85,114,100,Pale,1.4,Sick,Cough,Nasal discharge,Avian Influenza,,,,
151,Pandu,Dog,Beagle,2.0,Male,128/61,60,91,Cloudy,20.0,Dizzy,Swollen udder,Reduced milk yield,Mastitis,,,,
152,Ganga,Goat,Boer,9.3,Female,135/66,92,100,Pale,64.5,Fever,Abortion,Joint swelling,Brucellosis,,,,
153,Krishna,Dog,Pug,14.6,Female,118/84,67,91,Normal,17.2,Fever,Blisters on mouth,Drooling,FMD (Foot and Mouth Disease),,,,
154,Kaveri,Sheep,Dorper,5.3,Male,106/61,120,98,Pale,57.8,Vaccinated,Vomiting,Diarrhea,Parvovirus,,,,
155,Ganga,Buffalo,Murrah,10.1,Male,103/74,63,100,Dark,801.8,Cough,Sneezing,Ulcers in mouth,Feline Calicivirus,,,,
156,Kaveri,Buffalo,Nili Ravi,3.6,Male,139/89,81,98,Cloudy,733.9,Running Nose,Fever,Mouth lesions,PPR (Peste des petits ruminants),,,,
157,Krishna,Sheep,Deccani,0.5,Male,103/85,87,92,Dark,78.4,Under Treatment,Sudden death,Bloody discharge,Anthrax,,,,
158,Nandi,Sheep,Merino,0.7,Male,119/75,88,93,Normal,45.2,Tired,Sneezing,Ulcers in mouth,Feline Calicivirus,,,,
159,Ganga,Hen,Leghorn,13.8,Male,118/61,86,91,Cloudy,1.4,Dizzy,Abortion,Joint swelling,Brucellosis,,,,
160,Rama,Hen,Leghorn,4.1,Female,127/60,103,99,Dark,1.6,Fever,Blisters on mouth,Drooling,FMD (Foot and Mouth Disease),,,,
161,Brahma,Cat,Bengal,11.3,Male,101/79,90,100,Normal,7.2,Under Treatment,Sudden death,Bloody discharge,Anthrax,,,,
162,Nandi,Goat,Jamunapari,6.7,Female,139/76,64,90,Dark,57.7,Tired,Sneezing,Ulcers in mouth,Feline Calicivirus,,,,
163,Brahma,Dog,German Shepherd,11.7,Male,95/60,78,98,Pale,27.1,Cold,Aggression,Salivation,Rabies,,,,
164,Kaveri,Buffalo,Jaffarabadi,12.8,Female,107/80,74,95,Dark,657.6,Cough,Vomiting,Diarrhea,Parvovirus,,,,
165,Tunga,Hen,Rhode Island Red,14.6,Female,103/88,68,98,Slightly Dark,1.4,Cold,Vomiting,Diarrhea,Parvovirus,,,,
166,Pandu,Dog,German Shepherd,6.8,Female,103/85,103,96,Dark,17.0,Cold,Sudden death,Bloody discharge,Anthrax,,,,
167,Vitala,Dog,Beagle,14.7,Male,117/62,104,93,Pale,27.6,Tired,Aggression,Salivation,Rabies,,,,
168,Kaveri,Goat,Barbari,7.2,Male,123/72,105,99,Dark,52.4,Vaccinated,Aggression,Salivation,Rabies,,,,
169,Kaveri,Cow,Sahiwal,3.3,Female,131/78,64,92,Dark,645.8,Cough,Vomiting,Diarrhea,Parvovirus,,,,
170,Krishna,Dog,Labrador,10.0,Male,138/74,90,90,Slightly Dark,37.8,Tired,Vomiting,Diarrhea,Parvovirus,,,,
171,Vitala,Buffalo,Murrah,5.8,Female,125/70,71,100,Pale,784.9,Fever,Blisters on mouth,Drooling,FMD (Foot and Mouth Disease),,,,
172,Rama,Buffalo,Nili Ravi,6.6,Male,114/82,69,95,Dark,733.6,Diarrhea,Blisters on mouth,Drooling,FMD (Foot and Mouth Disease),,,,
173,Brahma,Hen,Rhode Island Red,13.9,Male,94/82,115,95,Pale,3.4,Vaccinated,Cough,Nasal discharge,Avian Influenza,,,,
174,Kaveri,Goat,Barbari,14.3,Male,116/66,111,97,Cloudy,71.2,Diarrhea,Blisters on mouth,Drooling,FMD (Foot and Mouth Disease),,,,
175,Rama,Cow,Holstein,1.3,Male,136/64,102,91,Normal,304.6,Fever,,,Healthy,,,,
176,Vitala,Hen,Leghorn,11.8,Male,102/76,85,100,Slightly Dark,3.2,Healthy,Aggression,Salivation,Rabies,,,,
177,Tunga,Sheep,Dorper,2.5,Male,104/85,65,91,Cloudy,84.1,Tired,Sneezing,Ulcers in mouth,Feline Calicivirus,,,,
178,Krishna,Buffalo,Murrah,14.4,Female,115/70,115,97,Pale,637.1,Sick,Swollen udder,Reduced milk yield,Mastitis,,,,
179,Krishna,Sheep,Dorper,3.5,Male,97/80,113,99,Normal,60.2,Dizzy,Sudden death,Bloody discharge,Anthrax,,,,
180,Rama,Dog,Labrador,12.7,Male,110/72,111,97,Cloudy,28.6,Fever,Blisters on mouth,Drooling,FMD (Foot and Mouth Disease),,,,
181,Sita,Buffalo,Murrah,8.0,Male,140/74,64,91,Slightly Dark,619.7,Cough,Aggression,Salivation,Rabies,,,,
182,Sita,Goat,Barbari,1.1,Male,135/83,108,90,Slightly Dark,41.0,Healthy,Blisters on mouth,Drooling,FMD (Foot and Mouth Disease),,,,
183,Kaveri,Dog,German Shepherd,14.4,Male,118/72,105,96,Cloudy,22.2,Cough,Abortion,Joint swelling,Brucellosis,,,,
184,Rama,Dog,German Shepherd,14.2,Female,103/69,78,93,Pale,10.3,Diarrhea,Aggression,Salivation,Rabies,,,,
185,Rama,Sheep,Dorper,2.0,Male,94/61,79,92,Pale,86.5,Cough,,,Healthy,,,,
186,Nandi,Buffalo,Jaffarabadi,5.0,Female,107/84,118,98,Slightly Dark,445.0,Under Treatment,Vomiting,Diarrhea,Parvovirus,,,,
187,Brahma,Cat,Maine Coon,3.0,Female,117/85,65,98,Normal,9.1,Healthy,Blisters on mouth,Drooling,FMD (Foot and Mouth Disease),,,,
188,Rama,Cow,Jersey,6.9,Female,105/90,102,98,Slightly Dark,733.9,Sick,Blisters on mouth,Drooling,FMD (Foot and Mouth Disease),,,,
189,Kaveri,Hen,Rhode Island Red,10.8,Female,111/86,78,90,Dark,1.5,Sick,Cough,Nasal discharge,Avian Influenza,,,,
190,Krishna,Cat,Persian,11.3,Male,101/65,105,97,Slightly Dark,5.0,Healthy,Cough,Nasal discharge,Avian Influenza,,,,
191,Nandi,Goat,Saanen,0.7,Female,93/79,86,95,Normal,50.9,Fever,Blisters on mouth,Drooling,FMD (Foot and Mouth Disease),,,,
192,Sita,Hen,Plymouth Rock,10.0,Female,102/84,95,95,Slightly Dark,2.0,Cough,Fever,Mouth lesions,PPR (Peste des petits ruminants),,,,
193,Krishna,Buffalo,Nili Ravi,2.4,Female,126/69,114,97,Slightly Dark,664.0,Fever,Cough,Nasal discharge,Avian Influenza,,,,
194,Vitala,Buffalo,Nili Ravi,8.4,Female,92/70,110,95,Normal,664.6,Healthy,Aggression,Salivation,Rabies,,,,
195,Vitala,Hen,Rhode Island Red,11.1,Female,127/79,62,90,Pale,2.2,Healthy,Fever,Mouth lesions,PPR (Peste des petits ruminants),,,,
196,Ganga,Cat,Bengal,8.9,Male,137/62,85,95,Dark,3.8,Cough,Sneezing,Ulcers in mouth,Feline Calicivirus,,,,
197,Krishna,Dog,German Shepherd,0.9,Female,110/70,89,98,Normal,28.9,Fever,Vomiting,Diarrhea,Parvovirus,,,,
198,Vitala,Sheep,Merino,5.1,Female,126/71,86,97,Normal,71.2,Vaccinated,Sneezing,Ulcers in mouth,Feline Calicivirus,,,,
199,Sita,Cow,Gir,14.6,Female,137/64,104,91,Pale,445.8,Under Treatment,Swollen udder,Reduced milk yield,Mastitis,,,,
200,Brahma,Sheep,Suffolk,4.0,Male,140/83,78,95,Normal,85.7,Cold,Swollen udder,Reduced milk yield,Mastitis,,,,
201,Vitala,Dog,Beagle,14.4,Male,118/84,79,100,Cloudy,15.2,Fever,Swollen udder,Reduced milk yield,Mastitis,,,,
202,Rama,Buffalo,Jaffarabadi,13.6,Male,110/72,66,95,Slightly Dark,629.1,Running Nose,Cough,Nasal discharge,Avian Influenza,,,,
203,Ganga,Goat,Jamunapari,5.8,Male,119/75,109,98,Slightly Dark,45.4,Diarrhea,Fever,Mouth lesions,PPR (Peste des petits ruminants),,,,
204,Nandi,Buffalo,Jaffarabadi,3.0,Male,136/89,87,98,Pale,882.1,Vaccinated,Swollen udder,Reduced milk yield,Mastitis,,,,
205,Brahma,Dog,Beagle,2.4,Female,110/84,94,100,Pale,5.0,Cold,Aggression,Salivation,Rabies,,,,
206,Tunga,Buffalo,Murrah,13.8,Male,90/90,97,100,Cloudy,710.3,Vaccinated,Sudden death,Bloody discharge,Anthrax,,,,
207,Vitala,Dog,Pug,6.6,Female,108/90,60,94,Cloudy,11.6,Under Treatment,Sneezing,Ulcers in mouth,Feline Calicivirus,,,,
208,Vitala,Hen,Plymouth Rock,2.7,Male,133/75,104,98,Slightly Dark,1.2,Diarrhea,Fever,Mouth lesions,PPR (Peste des petits ruminants),,,,
209,Brahma,Hen,Plymouth Rock,5.9,Male,129/77,71,100,Slightly Dark,3.6,Under Treatment,Cough,Nasal discharge,Avian Influenza,,,,
210,Krishna,Buffalo,Nili Ravi,4.2,Female,105/64,94,100,Normal,438.8,Cough,Vomiting,Diarrhea,Parvovirus,,,,
211,Ganga,Sheep,Suffolk,10.2,Female,104/82,100,92,Normal,43.7,Fever,Blisters on mouth,Drooling,FMD (Foot and Mouth Disease),,,,
212,Krishna,Cow,Sahiwal,14.1,Male,130/79,109,96,Pale,303.6,Cough,Sneezing,Ulcers in mouth,Feline Calicivirus,,,,
213,Vitala,Goat,Saanen,6.6,Female,137/71,86,100,Cloudy,43.0,Fever,,,Healthy,,,,
214,Vitala,Goat,Saanen,15.0,Female,135/81,72,93,Cloudy,50.7,Cold,Cough,Nasal discharge,Avian Influenza,,,,
215,Vitala,Hen,Plymouth Rock,14.8,Male,136/83,75,98,Slightly Dark,2.5,Tired,Blisters on mouth,Drooling,FMD (Foot and Mouth Disease),,,,
216,Kaveri,Cat,Siamese,11.8,Male,124/71,70,96,Slightly Dark,6.7,Fever,Aggression,Salivation,Rabies,,,,
217,Vitala,Buffalo,Jaffarabadi,10.0,Male,124/64,75,100,Dark,867.4,Vaccinated,Blisters on mouth,Drooling,FMD (Foot and Mouth Disease),,,,
218,Kaveri,Sheep,Dorper,9.4,Male,130/90,68,95,Normal,85.7,Diarrhea,Sneezing,Ulcers in mouth,Feline Calicivirus,,,,
219,Nandi,Dog,Beagle,10.4,Male,139/69,111,91,Normal,15.3,Tired,Swollen udder,Reduced milk yield,Mastitis,,,,
220,Ganga,Cat,Bengal,12.3,Male,139/69,88,91,Normal,6.0,Tired,Fever,Mouth lesions,PPR (Peste des petits ruminants),,,,
221,Nandi,Buffalo,Jaffarabadi,6.6,Male,108/64,65,92,Slightly Dark,735.1,Vaccinated,Cough,Nasal discharge,Avian Influenza,,,,
222,Krishna,Hen,Rhode Island Red,9.7,Male,118/71,89,92,Pale,1.9,Under Treatment,Aggression,Salivation,Rabies,,,,
223,Vitala,Buffalo,Jaffarabadi,12.7,Male,137/85,84,99,Slightly Dark,688.9,Sick,Vomiting,Diarrhea,Parvovirus,,,,
224,Rama,Dog,Beagle,1.1,Female,116/64,102,97,Normal,12.3,Dizzy,Blisters on mouth,Drooling,FMD (Foot and Mouth Disease),,,,
225,Sita,Buffalo,Murrah,9.6,Male,127/76,87,92,Normal,615.6,Diarrhea,Sudden death,Bloody discharge,Anthrax,,,,
226,Krishna,Cow,Holstein,1.4,Male,125/67,105,91,Dark,508.2,Tired,Abortion,Joint swelling,Brucellosis,,,,
227,Sita,Goat,Jamunapari,3.1,Female,122/90,84,94,Dark,71.1,Cough,Blisters on mouth,Drooling,FMD (Foot and Mouth Disease),,,,
228,Tunga,Sheep,Dorper,6.1,Female,94/60,107,93,Pale,62.2,Cough,Vomiting,Diarrhea,Parvovirus,,,,
229,Brahma,Cow,Gir,7.2,Female,126/69,106,100,Normal,732.2,Healthy,Abortion,Joint swelling,Brucellosis,,,,
230,Pandu,Cow,Sahiwal,13.3,Male,113/80,107,97,Pale,424.6,Fever,Aggression,Salivation,Rabies,,,,
231,Sita,Cat,Persian,2.1,Male,138/90,74,92,Dark,7.9,Healthy,Blisters on mouth,Drooling,FMD (Foot and Mouth Disease),,,,
232,Kaveri,Hen,Plymouth Rock,12.5,Female,100/68,119,92,Dark,2.3,Dizzy,Abortion,Joint swelling,Brucellosis,,,,
233,Tunga,Buffalo,Murrah,1.9,Female,112/67,82,91,Dark,536.2,Tired,Fever,Mouth lesions,PPR (Peste des petits ruminants),,,,
234,Vitala,Hen,Rhode Island Red,0.9,Male,104/60,120,97,Slightly Dark,1.4,Running Nose,Sneezing,Ulcers in mouth,Feline Calicivirus,,,,
235,Brahma,Cat,Bengal,0.6,Female,101/76,95,100,Pale,4.6,Under Treatment,Abortion,Joint swelling,Brucellosis,,,,
236,Tunga,Cow,Gir,12.3,Female,120/72,95,99,Dark,567.9,Cough,Sneezing,Ulcers in mouth,Feline Calicivirus,,,,
237,Tunga,Hen,Leghorn,3.3,Female,103/62,101,96,Pale,2.4,Sick,Sneezing,Ulcers in mouth,Feline Calicivirus,,,,
238,Rama,Hen,Plymouth Rock,4.3,Male,91/90,92,90,Slightly Dark,3.7,Under Treatment,,,Healthy,,,,
239,Kaveri,Buffalo,Jaffarabadi,1.9,Male,100/74,102,92,Cloudy,501.9,Vaccinated,Vomiting,Diarrhea,Parvovirus,,,,
240,Kaveri,Cow,Gir,3.4,Male,124/84,110,90,Slightly Dark,758.3,Dizzy,Swollen udder,Reduced milk yield,Mastitis,,,,
241,Tunga,Cow,Jersey,2.9,Female,126/64,112,96,Normal,623.5,Dizzy,Sudden death,Bloody discharge,Anthrax,,,,
242,Pandu,Cow,Holstein,9.8,Female,119/73,67,92,Slightly Dark,580.0,Running Nose,Vomiting,Diarrhea,Parvovirus,,,,
243,Krishna,Buffalo,Nili Ravi,0.7,Male,120/65,101,99,Slightly Dark,890.9,Vaccinated,Aggression,Salivation,Rabies,,,,
244,Nandi,Cat,Persian,2.3,Male,105/83,60,99,Normal,5.8,Under Treatment,Aggression,Salivation,Rabies,,,,
245,Pandu,Sheep,Suffolk,1.5,Male,97/89,105,96,Normal,70.6,Healthy,Vomiting,Diarrhea,Parvovirus,,,,
246,Sita,Hen,Leghorn,10.7,Female,113/77,106,90,Pale,1.1,Fever,Abortion,Joint swelling,Brucellosis,,,,
247,Pandu,Cat,Maine Coon,2.9,Male,126/75,79,90,Pale,4.3,Running Nose,Sneezing,Ulcers in mouth,Feline Calicivirus,,,,
248,Brahma,Buffalo,Nili Ravi,14.1,Female,123/61,74,100,Slightly Dark,425.5,Cough,Cough,Nasal discharge,Avian Influenza,,,,
249,Ganga,Cow,Holstein,5.4,Male,133/90,114,95,Slightly Dark,292.8,Under Treatment,Aggression,Salivation,Rabies,,,,
250,Brahma,Dog,Pug,12.6,Male,90/61,95,96,Normal,14.5,Under Treatment,Cough,Nasal discharge,Avian Influenza,,,,
251,Pandu,Goat,Saanen,0.9,Female,122/70,94,90,Dark,61.4,Running Nose,Sneezing,Ulcers in mouth,Feline Calicivirus,,,,
252,Ganga,Sheep,Merino,10.9,Female,91/88,81,96,Slightly Dark,35.2,Cold,Aggression,Salivation,Rabies,,,,
253,Brahma,Cat,Bengal,6.5,Female,97/85,81,94,Pale,6.5,Dizzy,Swollen udder,Reduced milk yield,Mastitis,,,,
254,Brahma,Dog,Beagle,5.9,Female,94/80,107,93,Pale,25.9,Vaccinated,Sneezing,Ulcers in mouth,Feline Calicivirus,,,,
255,Sita,Cow,Holstein,3.6,Male,119/65,100,100,Slightly Dark,690.7,Tired,Sudden death,Bloody discharge,Anthrax,,,,
256,Krishna,Goat,Jamunapari,8.6,Female,124/67,106,95,Cloudy,50.4,Fever,Blisters on mouth,Drooling,FMD (Foot and Mouth Disease),,,,
257,Brahma,Buffalo,Jaffarabadi,7.4,Male,93/90,72,98,Slightly Dark,612.4,Sick,Vomiting,Diarrhea,Parvovirus,,,,
258,Pandu,Cat,Bengal,13.6,Female,116/73,115,94,Dark,5.9,Cold,Aggression,Salivation,Rabies,,,,
259,Nandi,Cat,Maine Coon,6.7,Male,118/72,85,93,Dark,5.6,Fever,Swollen udder,Reduced milk yield,Mastitis,,,,
260,Kaveri,Sheep,Dorper,5.4,Female,135/60,95,94,Cloudy,49.7,Diarrhea,Fever,Mouth lesions,PPR (Peste des petits ruminants),,,,
261,Sita,Hen,Plymouth Rock,2.9,Female,100/82,111,90,Pale,2.9,Healthy,Swollen udder,Reduced milk yield,Mastitis,,,,
262,Kaveri,Sheep,Dorper,3.9,Female,92/68,61,90,Slightly Dark,47.6,Sick,Abortion,Joint swelling,Brucellosis,,,,
263,Vitala,Buffalo,Jaffarabadi,14.1,Male,122/89,94,90,Pale,687.3,Under Treatment,Sneezing,Ulcers in mouth,Feline Calicivirus,,,,
264,Rama,Cow,Gir,1.5,Female,91/74,74,93,Slightly Dark,639.0,Cold,Abortion,Joint swelling,Brucellosis,,,,
265,Vitala,Cat,Maine Coon,14.4,Male,136/90,88,91,Normal,8.7,Cough,Sneezing,Ulcers in mouth,Feline Calicivirus,,,,
266,Sita,Dog,Beagle,14.2,Female,125/77,71,99,Normal,24.3,Cough,Vomiting,Diarrhea,Parvovirus,,,,
267,Rama,Hen,Plymouth Rock,8.8,Female,127/63,67,95,Slightly Dark,1.0,Sick,Aggression,Salivation,Rabies,,,,
268,Tunga,Sheep,Merino,4.0,Male,132/77,109,100,Cloudy,50.0,Running Nose,Fever,Mouth lesions,PPR (Peste des petits ruminants),,,,
269,Ganga,Dog,Labrador,7.4,Female,135/76,102,93,Cloudy,11.9,Cold,,,Healthy,,,,
270,Kaveri,Goat,Boer,7.0,Female,103/79,100,91,Pale,58.8,Cough,Sneezing,Ulcers in mouth,Feline Calicivirus,,,,
271,Nandi,Hen,Rhode Island Red,2.0,Male,118/80,97,90,Dark,2.5,Healthy,Cough,Nasal discharge,Avian Influenza,,,,
272,Tunga,Cow,Gir,6.7,Female,99/63,70,92,Normal,288.1,Vaccinated,,,Healthy,,,,
273,Vitala,Goat,Jamunapari,9.2,Male,140/74,113,95,Normal,77.6,Under Treatment,Fever,Mouth lesions,PPR (Peste des petits ruminants),,,,
274,Rama,Buffalo,Nili Ravi,14.3,Male,94/61,87,92,Dark,516.0,Cough,Sudden death,Bloody discharge,Anthrax,,,,
275,Pandu,Buffalo,Nili Ravi,9.5,Male,140/83,107,97,Pale,628.9,Dizzy,Sudden death,Bloody discharge,Anthrax,,,,
276,Rama,Cow,Gir,7.1,Male,132/72,116,92,Pale,741.2,Fever,Aggression,Salivation,Rabies,,,,
277,Ganga,Goat,Barbari,1.6,Female,115/75,82,93,Slightly Dark,38.9,Tired,Vomiting,Diarrhea,Parvovirus,,,,
278,Brahma,Cat,Maine Coon,8.7,Male,92/85,110,93,Normal,4.5,Vaccinated,Cough,Nasal discharge,Avian Influenza,,,,
279,Kaveri,Goat,Barbari,9.9,Male,116/78,94,99,Pale,79.4,Cough,Vomiting,Diarrhea,Parvovirus,,,,
280,Rama,Buffalo,Murrah,2.2,Female,114/61,75,99,Dark,440.1,Healthy,Cough,Nasal discharge,Avian Influenza,,,,
281,Brahma,Cat,Siamese,1.8,Female,92/79,106,99,Normal,3.9,Cough,,,Healthy,,,,
282,Brahma,Cow,Gir,3.6,Male,101/62,94,98,Dark,266.5,Sick,Sneezing,Ulcers in mouth,Feline Calicivirus,,,,
283,Kaveri,Hen,Rhode Island Red,9.2,Male,99/61,60,98,Pale,3.7,Dizzy,Fever,Mouth lesions,PPR (Peste des petits ruminants),,,,
284,Pandu,Sheep,Suffolk,9.9,Female,95/75,68,95,Cloudy,84.0,Cough,Sudden death,Bloody discharge,Anthrax,,,,
285,Brahma,Dog,German Shepherd,2.2,Female,133/79,73,97,Pale,30.4,Running Nose,Sudden death,Bloody discharge,Anthrax,,,,
286,Ganga,Cat,Siamese,11.2,Female,137/61,64,92,Cloudy,6.9,Vaccinated,Sudden death,Bloody discharge,Anthrax,,,,
287,Rama,Hen,Plymouth Rock,12.5,Male,102/90,95,94,Dark,1.5,Cold,Sudden death,Bloody discharge,Anthrax,,,,
288,Sita,Buffalo,Murrah,4.3,Male,104/85,117,91,Normal,820.6,Under Treatment,Cough,Nasal discharge,Avian Influenza,,,,
289,Nandi,Goat,Barbari,14.5,Male,111/78,115,90,Pale,76.7,Fever,,,Healthy,,,,
290,Nandi,Dog,Beagle,3.0,Male,117/70,84,94,Cloudy,23.4,Healthy,,,Healthy,,,,
291,Brahma,Dog,Beagle,14.1,Female,90/69,63,99,Dark,22.2,Diarrhea,Sneezing,Ulcers in mouth,Feline Calicivirus,,,,
292,Sita,Cow,Holstein,14.0,Male,127/66,78,96,Cloudy,410.2,Running Nose,Abortion,Joint swelling,Brucellosis,,,,
293,Pandu,Buffalo,Murrah,3.5,Male,98/64,72,93,Pale,519.8,Under Treatment,,,Healthy,,,,
294,Sita,Hen,Plymouth Rock,8.7,Male,120/85,75,98,Slightly Dark,1.8,Fever,,,Healthy,,,,
295,Brahma,Dog,German Shepherd,13.5,Male,139/70,89,98,Slightly Dark,15.7,Sick,Abortion,Joint swelling,Brucellosis,,,,
296,Sita,Cat,Persian,10.0,Female,137/85,119,92,Pale,5.6,Dizzy,Abortion,Joint swelling,Brucellosis,,,,
297,Vitala,Cat,Siamese,13.6,Female,131/81,78,100,Normal,7.3,Fever,Fever,Mouth lesions,PPR (Peste des petits ruminants),,,,
298,Kaveri,Buffalo,Nili Ravi,1.1,Female,110/84,70,90,Dark,609.2,Cough,Abortion,Joint swelling,Brucellosis,,,,
299,Krishna,Cow,Jersey,4.3,Female,106/87,91,98,Normal,719.0,Cough,Vomiting,Diarrhea,Parvovirus,,,,
300,Vitala,Goat,Barbari,6.7,Male,102/73,97,90,Cloudy,36.4,Sick,Vomiting,Diarrhea,Parvovirus,,,,
301,Pandu,Cow,Jersey,1.6,Female,139/70,78,100,Pale,741.9,Under Treatment,Fever,Mouth lesions,PPR (Peste des petits ruminants),,,,
302,Nandi,Hen,Leghorn,11.3,Male,105/83,114,99,Normal,2.4,Cold,Sudden death,Bloody discharge,Anthrax,,,,
303,Vitala,Buffalo,Jaffarabadi,12.2,Male,128/70,106,90,Normal,716.5,Cough,Cough,Nasal discharge,Avian Influenza,,,,
304,Sita,Goat,Jamunapari,6.8,Female,119/77,112,98,Pale,49.3,Sick,Fever,Mouth lesions,PPR (Peste des petits ruminants),,,,
305,Krishna,Hen,Plymouth Rock,5.5,Female,92/72,92,96,Normal,2.4,Fever,Blisters on mouth,Drooling,FMD (Foot and Mouth Disease),,,,
306,Vitala,Goat,Barbari,14.1,Male,98/85,115,94,Pale,48.0,Healthy,Sudden death,Bloody discharge,Anthrax,,,,
307,Ganga,Cow,Jersey,12.8,Female,123/85,111,91,Slightly Dark,638.3,Fever,Swollen udder,Reduced milk yield,Mastitis,,,,
308,Nandi,Goat,Barbari,11.8,Male,120/63,98,96,Cloudy,76.3,Vaccinated,Aggression,Salivation,Rabies,,,,
309,Vitala,Goat,Jamunapari,13.7,Female,91/77,62,95,Dark,44.4,Diarrhea,Aggression,Salivation,Rabies,,,,
310,Ganga,Goat,Barbari,13.8,Male,135/89,71,93,Slightly Dark,41.2,Dizzy,Vomiting,Diarrhea,Parvovirus,,,,
311,Ganga,Sheep,Suffolk,10.5,Male,128/77,86,90,Slightly Dark,57.9,Tired,Aggression,Salivation,Rabies,,,,
312,Nandi,Cat,Bengal,6.0,Female,124/70,97,91,Pale,5.3,Sick,Blisters on mouth,Drooling,FMD (Foot and Mouth Disease),,,,
313,Rama,Hen,Rhode Island Red,10.3,Female,105/65,105,94,Dark,3.1,Diarrhea,,,Healthy,,,,
314,Rama,Cow,Jersey,3.8,Female,112/82,87,97,Slightly Dark,364.3,Dizzy,Sneezing,Ulcers in mouth,Feline Calicivirus,,,,
315,Nandi,Sheep,Suffolk,9.0,Male,115/90,73,93,Dark,60.0,Sick,Sudden death,Bloody discharge,Anthrax,,,,
316,Ganga,Dog,Labrador,2.1,Male,100/67,98,97,Normal,23.6,Dizzy,Aggression,Salivation,Rabies,,,,
317,Krishna,Cow,Holstein,6.4,Male,117/70,87,97,Normal,713.0,Tired,Aggression,Salivation,Rabies,,,,
318,Pandu,Buffalo,Jaffarabadi,12.0,Female,121/71,66,99,Cloudy,765.1,Diarrhea,Fever,Mouth lesions,PPR (Peste des petits ruminants),,,,
319,Nandi,Dog,Labrador,9.3,Female,115/79,81,95,Pale,39.2,Vaccinated,Vomiting,Diarrhea,Parvovirus,,,,
320,Tunga,Dog,Labrador,2.9,Male,127/68,96,97,Normal,38.8,Fever,Abortion,Joint swelling,Brucellosis,,,,
321,Rama,Goat,Boer,1.8,Female,115/87,76,94,Slightly Dark,33.1,Under Treatment,,,Healthy,,,,
322,Krishna,Sheep,Deccani,14.7,Male,123/81,91,90,Dark,62.1,Cough,Vomiting,Diarrhea,Parvovirus,,,,
323,Tunga,Hen,Leghorn,14.2,Male,137/80,78,96,Pale,1.7,Sick,Swollen udder,Reduced milk yield,Mastitis,,,,
324,Nandi,Cow,Gir,11.1,Female,99/90,81,100,Slightly Dark,587.7,Vaccinated,Fever,Mouth lesions,PPR (Peste des petits ruminants),,,,
325,Rama,Hen,Rhode Island Red,5.9,Male,121/85,116,99,Cloudy,2.9,Tired,Vomiting,Diarrhea,Parvovirus,,,,
326,Pandu,Buffalo,Jaffarabadi,2.5,Female,111/60,112,90,Dark,657.4,Cough,Cough,Nasal discharge,Avian Influenza,,,,
327,Vitala,Cat,Maine Coon,2.0,Female,129/75,112,91,Dark,4.4,Fever,Sudden death,Bloody discharge,Anthrax,,,,
328,Rama,Cow,Jersey,0.9,Male,100/86,81,94,Normal,370.2,Diarrhea,Abortion,Joint swelling,Brucellosis,,,,
329,Pandu,Goat,Barbari,6.0,Female,134/81,83,99,Cloudy,46.6,Dizzy,Vomiting,Diarrhea,Parvovirus,,,,
330,Sita,Cat,Persian,5.0,Female,107/74,76,92,Normal,5.3,Under Treatment,Sneezing,Ulcers in mouth,Feline Calicivirus,,,,
331,Rama,Dog,German Shepherd,8.7,Male,100/68,68,92,Cloudy,17.5,Cold,Fever,Mouth lesions,PPR (Peste des petits ruminants),,,,
332,Sita,Cat,Siamese,4.1,Male,102/86,64,91,Dark,5.0,Under Treatment,Abortion,Joint swelling,Brucellosis,,,,
333,Nandi,Sheep,Deccani,5.4,Male,113/72,65,96,Normal,60.6,Diarrhea,Sneezing,Ulcers in mouth,Feline Calicivirus,,,,
334,Nandi,Buffalo,Jaffarabadi,9.2,Female,100/79,91,91,Pale,557.4,Cough,Cough,Nasal discharge,Avian Influenza,,,,
335,Ganga,Dog,Pug,10.9,Female,104/77,80,97,Dark,9.9,Under Treatment,Blisters on mouth,Drooling,FMD (Foot and Mouth Disease),,,,
336,Ganga,Buffalo,Murrah,7.4,Female,101/82,78,90,Slightly Dark,541.6,Vaccinated,Vomiting,Diarrhea,Parvovirus,,,,
337,Pandu,Buffalo,Jaffarabadi,13.2,Male,105/78,93,93,Pale,714.1,Tired,Sudden death,Bloody discharge,Anthrax,,,,
338,Brahma,Cat,Persian,11.7,Female,102/69,108,96,Dark,7.7,Diarrhea,Vomiting,Diarrhea,Parvovirus,,,,
339,Sita,Buffalo,Nili Ravi,13.4,Male,110/81,71,100,Cloudy,673.8,Cough,Fever,Mouth lesions,PPR (Peste des petits ruminants),,,,
340,Brahma,Goat,Boer,9.4,Female,101/74,82,95,Slightly Dark,71.1,Healthy,Aggression,Salivation,Rabies,,,,
341,Tunga,Buffalo,Jaffarabadi,4.2,Male,116/66,105,91,Dark,546.2,Fever,Cough,Nasal discharge,Avian Influenza,,,,
342,Kaveri,Buffalo,Murrah,12.2,Male,114/68,93,93,Slightly Dark,897.6,Under Treatment,Aggression,Salivation,Rabies,,,,
343,Tunga,Sheep,Deccani,13.7,Male,122/60,116,98,Dark,81.8,Diarrhea,Vomiting,Diarrhea,Parvovirus,,,,
344,Ganga,Buffalo,Jaffarabadi,10.0,Female,116/86,63,98,Cloudy,886.1,Cold,,,Healthy,,,,
345,Rama,Cow,Jersey,4.7,Female,111/74,104,96,Cloudy,336.0,Fever,Cough,Nasal discharge,Avian Influenza,,,,
346,Sita,Cat,Maine Coon,3.1,Female,105/70,64,96,Slightly Dark,8.2,Under Treatment,Sneezing,Ulcers in mouth,Feline Calicivirus,,,,
347,Tunga,Cow,Gir,6.1,Male,115/84,81,97,Slightly Dark,493.9,Healthy,Aggression,Salivation,Rabies,,,,
348,Sita,Hen,Leghorn,7.5,Female,115/88,89,91,Pale,1.2,Running Nose,,,Healthy,,,,
349,Pandu,Cat,Siamese,14.0,Female,116/81,84,93,Pale,6.4,Running Nose,Abortion,Joint swelling,Brucellosis,,,,
350,Sita,Cow,Gir,12.0,Female,136/80,95,95,Normal,600.4,Sick,Blisters on mouth,Drooling,FMD (Foot and Mouth Disease),,,,
351,Kaveri,Hen,Rhode Island Red,5.9,Male,137/69,69,93,Cloudy,3.0,Diarrhea,Abortion,Joint swelling,Brucellosis,,,,
352,Vitala,Hen,Leghorn,6.4,Male,118/72,65,93,Dark,2.8,Vaccinated,,,Healthy,,,,
353,Ganga,Dog,Labrador,8.0,Male,116/60,99,96,Cloudy,25.7,Tired,Swollen udder,Reduced milk yield,Mastitis,,,,
354,Tunga,Cat,Persian,0.8,Female,125/60,83,93,Dark,4.2,Sick,Abortion,Joint swelling,Brucellosis,,,,
355,Tunga,Goat,Saanen,6.5,Male,103/89,92,93,Pale,39.3,Diarrhea,Aggression,Salivation,Rabies,,,,
356,Rama,Cat,Siamese,5.7,Female,117/77,94,91,Pale,6.3,Fever,Sudden death,Bloody discharge,Anthrax,,,,
357,Ganga,Hen,Rhode Island Red,2.4,Female,100/83,104,100,Pale,1.1,Vaccinated,,,Healthy,,,,
358,Brahma,Sheep,Suffolk,3.4,Male,95/73,64,93,Normal,69.6,Sick,Aggression,Salivation,Rabies,,,,
359,Pandu,Cow,Sahiwal,13.5,Female,131/62,83,90,Dark,745.1,Under Treatment,,,Healthy,,,,
360,Pandu,Hen,Rhode Island Red,4.6,Female,105/81,64,99,Slightly Dark,3.3,Under Treatment,Swollen udder,Reduced milk yield,Mastitis,,,,
361,Brahma,Hen,Rhode Island Red,10.1,Female,128/80,95,94,Pale,1.9,Under Treatment,Sudden death,Bloody discharge,Anthrax,,,,
362,Rama,Cow,Jersey,2.6,Female,124/86,115,96,Normal,525.3,Vaccinated,Swollen udder,Reduced milk yield,Mastitis,,,,
363,Brahma,Buffalo,Murrah,1.8,Male,131/66,103,96,Cloudy,821.3,Sick,Blisters on mouth,Drooling,FMD (Foot and Mouth Disease),,,,
364,Vitala,Cat,Persian,4.8,Female,123/73,72,93,Normal,8.5,Running Nose,,,Healthy,,,,
365,Krishna,Cat,Bengal,10.5,Female,102/89,106,94,Cloudy,6.7,Healthy,Swollen udder,Reduced milk yield,Mastitis,,,,
366,Krishna,Goat,Jamunapari,12.2,Female,107/60,90,99,Cloudy,43.1,Sick,Fever,Mouth lesions,PPR (Peste des petits ruminants),,,,
367,Rama,Cow,Jersey,10.4,Male,104/79,99,100,Dark,414.2,Cold,Sneezing,Ulcers in mouth,Feline Calicivirus,,,,
368,Brahma,Hen,Plymouth Rock,7.2,Male,111/67,120,95,Cloudy,3.1,Vaccinated,,,Healthy,,,,
369,Pandu,Cow,Sahiwal,14.8,Female,108/70,111,95,Dark,430.1,Vaccinated,Sneezing,Ulcers in mouth,Feline Calicivirus,,,,
370,Brahma,Sheep,Merino,5.9,Male,122/86,74,91,Slightly Dark,83.6,Cold,Blisters on mouth,Drooling,FMD (Foot and Mouth Disease),,,,
371,Brahma,Cat,Persian,9.0,Female,91/80,86,96,Normal,7.5,Dizzy,Sudden death,Bloody discharge,Anthrax,,,,
372,Tunga,Cow,Jersey,14.1,Male,117/66,75,92,Normal,435.9,Healthy,,,Healthy,,,,
373,Nandi,Cow,Sahiwal,13.7,Female,112/70,71,90,Pale,357.3,Sick,Swollen udder,Reduced milk yield,Mastitis,,,,
374,Tunga,Cow,Sahiwal,3.3,Female,126/81,114,96,Cloudy,447.3,Healthy,Vomiting,Diarrhea,Parvovirus,,,,
375,Brahma,Buffalo,Jaffarabadi,1.1,Female,134/71,68,91,Normal,584.6,Healthy,Abortion,Joint swelling,Brucellosis,,,,
376,Rama,Hen,Plymouth Rock,4.5,Female,133/88,79,93,Normal,2.3,Fever,Sudden death,Bloody discharge,Anthrax,,,,
377,Ganga,Cow,Jersey,7.9,Male,106/71,111,93,Slightly Dark,448.0,Sick,Sudden death,Bloody discharge,Anthrax,,,,
378,Ganga,Sheep,Suffolk,11.7,Female,101/80,65,93,Slightly Dark,39.1,Tired,Vomiting,Diarrhea,Parvovirus,,,,
379,Rama,Dog,Labrador,6.4,Female,138/67,111,95,Dark,34.6,Diarrhea,Abortion,Joint swelling,Brucellosis,,,,
380,Nandi,Hen,Leghorn,9.0,Male,104/70,99,99,Cloudy,2.0,Sick,Sneezing,Ulcers in mouth,Feline Calicivirus,,,,
381,Kaveri,Cat,Persian,10.9,Female,108/80,102,96,Cloudy,9.0,Dizzy,Sudden death,Bloody discharge,Anthrax,,,,
382,Sita,Cow,Holstein,2.6,Male,124/74,114,95,Normal,441.0,Vaccinated,,,Healthy,,,,
383,Kaveri,Buffalo,Nili Ravi,0.7,Male,126/60,107,90,Pale,882.7,Tired,Cough,Nasal discharge,Avian Influenza,,,,
384,Krishna,Goat,Boer,11.9,Female,126/86,114,99,Normal,36.5,Healthy,Sudden death,Bloody discharge,Anthrax,,,,
385,Nandi,Sheep,Deccani,13.5,Female,91/70,92,92,Pale,54.2,Sick,Blisters on mouth,Drooling,FMD (Foot and Mouth Disease),,,,
386,Nandi,Buffalo,Nili Ravi,4.0,Female,90/62,110,96,Cloudy,720.7,Diarrhea,Sudden death,Bloody discharge,Anthrax,,,,
387,Vitala,Hen,Rhode Island Red,14.3,Female,135/68,90,99,Slightly Dark,3.8,Sick,Blisters on mouth,Drooling,FMD (Foot and Mouth Disease),,,,
388,Tunga,Dog,Beagle,11.8,Female,96/74,105,98,Slightly Dark,5.8,Dizzy,Blisters on mouth,Drooling,FMD (Foot and Mouth Disease),,,,
389,Kaveri,Hen,Rhode Island Red,12.0,Male,132/74,105,100,Normal,2.8,Dizzy,Swollen udder,Reduced milk yield,Mastitis,,,,
390,Krishna,Dog,German Shepherd,6.3,Female,103/63,71,98,Cloudy,29.1,Cough,Fever,Mouth lesions,PPR (Peste des petits ruminants),,,,
391,Tunga,Cat,Bengal,4.5,Female,105/80,98,93,Cloudy,7.5,Tired,Vomiting,Diarrhea,Parvovirus,,,,
392,Krishna,Cat,Persian,14.4,Male,138/77,120,100,Pale,9.1,Fever,Cough,Nasal discharge,Avian Influenza,,,,
393,Tunga,Goat,Boer,14.6,Female,126/70,81,93,Slightly Dark,78.3,Cold,Swollen udder,Reduced milk yield,Mastitis,,,,
394,Sita,Dog,German Shepherd,14.8,Male,99/84,105,92,Normal,8.3,Cough,,,Healthy,,,,
395,Vitala,Dog,Pug,7.0,Female,140/60,99,94,Cloudy,14.6,Dizzy,Swollen udder,Reduced milk yield,Mastitis,,,,
396,Rama,Buffalo,Jaffarabadi,1.3,Male,129/60,98,94,Cloudy,518.3,Diarrhea,Sudden death,Bloody discharge,Anthrax,,,,
397,Kaveri,Sheep,Deccani,12.5,Male,126/73,101,98,Dark,54.3,Vaccinated,Cough,Nasal discharge,Avian Influenza,,,,
398,Ganga,Hen,Rhode Island Red,4.1,Female,122/86,107,97,Cloudy,2.5,Vaccinated,Sudden death,Bloody discharge,Anthrax,,,,
399,Pandu,Buffalo,Murrah,8.8,Female,128/88,75,91,Normal,400.7,Fever,Sneezing,Ulcers in mouth,Feline Calicivirus,,,,
400,Brahma,Dog,Labrador,5.3,Male,99/84,90,100,Slightly Dark,38.5,Under Treatment,Sudden death,Bloody discharge,Anthrax,,,,
401,Pandu,Buffalo,Nili Ravi,6.0,Female,98/77,82,92,Normal,867.4,Cold,Sudden death,Bloody discharge,Anthrax,,,,
402,Tunga,Goat,Jamunapari,9.8,Male,131/76,98,94,Pale,44.9,Healthy,Fever,Mouth lesions,PPR (Peste des petits ruminants),,,,
403,Tunga,Sheep,Suffolk,13.1,Female,96/67,81,94,Dark,63.7,Diarrhea,Fever,Mouth lesions,PPR (Peste des petits ruminants),,,,
404,Brahma,Dog,Labrador,10.1,Male,132/82,114,92,Dark,33.8,Healthy,Swollen udder,Reduced milk yield,Mastitis,,,,
405,Vitala,Cow,Sahiwal,4.7,Female,109/84,108,91,Dark,720.6,Cold,,,Healthy,,,,
406,Nandi,Cat,Bengal,10.4,Male,96/67,87,97,Slightly Dark,7.7,Healthy,Vomiting,Diarrhea,Parvovirus,,,,
407,Pandu,Hen,Leghorn,10.1,Male,112/86,101,98,Slightly Dark,1.8,Diarrhea,Sudden death,Bloody discharge,Anthrax,,,,
408,Ganga,Cat,Siamese,8.5,Female,123/73,102,93,Pale,3.0,Fever,Swollen udder,Reduced milk yield,Mastitis,,,,
409,Kaveri,Buffalo,Jaffarabadi,1.7,Male,101/60,115,98,Slightly Dark,738.3,Cold,Blisters on mouth,Drooling,FMD (Foot and Mouth Disease),,,,
410,Sita,Cat,Persian,4.3,Male,96/83,80,97,Cloudy,4.0,Fever,Fever,Mouth lesions,PPR (Peste des petits ruminants),,,,
411,Vitala,Goat,Saanen,7.8,Male,106/74,80,94,Slightly Dark,45.8,Vaccinated,Fever,Mouth lesions,PPR (Peste des petits ruminants),,,,
412,Pandu,Dog,German Shepherd,11.7,Female,91/83,93,94,Cloudy,10.1,Tired,Sudden death,Bloody discharge,Anthrax,,,,
413,Vitala,Hen,Leghorn,8.7,Male,121/82,74,97,Dark,3.9,Diarrhea,Aggression,Salivation,Rabies,,,,
414,Nandi,Sheep,Dorper,10.1,Male,99/84,120,98,Slightly Dark,86.1,Running Nose,Aggression,Salivation,Rabies,,,,
415,Tunga,Buffalo,Jaffarabadi,5.9,Female,90/86,61,100,Slightly Dark,882.7,Healthy,Blisters on mouth,Drooling,FMD (Foot and Mouth Disease),,,,
416,Brahma,Dog,Labrador,10.4,Female,134/65,82,96,Slightly Dark,38.2,Healthy,Swollen udder,Reduced milk yield,Mastitis,,,,
417,Tunga,Sheep,Dorper,5.2,Female,121/81,85,91,Cloudy,74.0,Vaccinated,Cough,Nasal discharge,Avian Influenza,,,,
418,Kaveri,Sheep,Suffolk,5.8,Male,112/73,78,95,Cloudy,46.5,Vaccinated,Sneezing,Ulcers in mouth,Feline Calicivirus,,,,
419,Kaveri,Cat,Bengal,5.4,Female,123/65,107,97,Dark,5.8,Vaccinated,Blisters on mouth,Drooling,FMD (Foot and Mouth Disease),,,,
420,Krishna,Sheep,Dorper,5.6,Female,117/83,81,90,Slightly Dark,48.7,Tired,Blisters on mouth,Drooling,FMD (Foot and Mouth Disease),,,,
421,Brahma,Dog,Pug,12.3,Female,111/79,101,93,Normal,18.2,Cold,Fever,Mouth lesions,PPR (Peste des petits ruminants),,,,
422,Tunga,Sheep,Dorper,4.5,Male,140/90,99,93,Pale,56.8,Healthy,Cough,Nasal discharge,Avian Influenza,,,,
423,Kaveri,Cat,Siamese,12.1,Female,127/68,100,90,Cloudy,9.2,Dizzy,Sudden death,Bloody discharge,Anthrax,,,,
424,Vitala,Dog,German Shepherd,12.9,Female,119/88,120,93,Pale,37.6,Cold,Abortion,Joint swelling,Brucellosis,,,,
425,Nandi,Buffalo,Jaffarabadi,10.2,Female,114/60,104,98,Cloudy,663.8,Vaccinated,Aggression,Salivation,Rabies,,,,
426,Rama,Sheep,Suffolk,9.7,Male,102/82,89,100,Normal,39.1,Fever,Blisters on mouth,Drooling,FMD (Foot and Mouth Disease),,,,
427,Rama,Buffalo,Jaffarabadi,9.4,Male,109/72,70,99,Cloudy,760.1,Sick,,,Healthy,,,,
428,Sita,Sheep,Suffolk,5.4,Female,105/84,95,93,Slightly Dark,80.7,Dizzy,Blisters on mouth,Drooling,FMD (Foot and Mouth Disease),,,,
429,Kaveri,Goat,Boer,1.2,Male,127/63,81,99,Cloudy,52.0,Cold,Abortion,Joint swelling,Brucellosis,,,,
430,Pandu,Cow,Holstein,11.7,Male,136/82,87,91,Normal,310.0,Vaccinated,Sneezing,Ulcers in mouth,Feline Calicivirus,,,,
431,Rama,Cow,Sahiwal,2.1,Female,137/79,115,99,Cloudy,622.7,Vaccinated,Vomiting,Diarrhea,Parvovirus,,,,
432,Pandu,Goat,Boer,6.6,Female,140/88,91,90,Normal,36.0,Cough,Blisters on mouth,Drooling,FMD (Foot and Mouth Disease),,,,
433,Rama,Hen,Leghorn,9.4,Male,134/88,97,97,Pale,1.2,Running Nose,Fever,Mouth lesions,PPR (Peste des petits ruminants),,,,
434,Nandi,Cow,Holstein,12.3,Male,116/87,80,90,Slightly Dark,383.6,Vaccinated,Aggression,Salivation,Rabies,,,,
435,Vitala,Goat,Saanen,1.9,Male,131/73,115,90,Normal,50.7,Cough,Aggression,Salivation,Rabies,,,,
436,Rama,Goat,Saanen,5.8,Female,96/60,86,93,Pale,35.4,Tired,,,Healthy,,,,
437,Brahma,Buffalo,Nili Ravi,0.9,Male,101/74,93,99,Normal,825.5,Cold,Abortion,Joint swelling,Brucellosis,,,,
438,Nandi,Sheep,Dorper,10.9,Male,136/73,82,100,Normal,43.9,Tired,Vomiting,Diarrhea,Parvovirus,,,,
439,Vitala,Sheep,Dorper,1.4,Female,101/82,84,99,Normal,90.0,Under Treatment,,,Healthy,,,,
440,Pandu,Buffalo,Nili Ravi,3.5,Female,138/66,86,90,Cloudy,853.1,Dizzy,Abortion,Joint swelling,Brucellosis,,,,
441,Rama,Cow,Jersey,9.3,Male,140/82,106,100,Pale,623.3,Sick,Vomiting,Diarrhea,Parvovirus,,,,
442,Tunga,Goat,Saanen,2.2,Male,122/84,112,100,Slightly Dark,53.6,Sick,,,Healthy,,,,
443,Kaveri,Buffalo,Murrah,9.2,Male,110/82,107,93,Normal,761.1,Tired,Vomiting,Diarrhea,Parvovirus,,,,
444,Tunga,Goat,Barbari,9.5,Female,138/67,97,90,Slightly Dark,53.2,Dizzy,Sudden death,Bloody discharge,Anthrax,,,,
445,Sita,Goat,Jamunapari,13.1,Female,129/76,104,95,Slightly Dark,73.7,Vaccinated,Swollen udder,Reduced milk yield,Mastitis,,,,
446,Rama,Buffalo,Nili Ravi,8.8,Female,101/71,95,95,Cloudy,464.8,Fever,Abortion,Joint swelling,Brucellosis,,,,
447,Krishna,Buffalo,Jaffarabadi,7.2,Male,113/60,86,92,Slightly Dark,570.5,Tired,Abortion,Joint swelling,Brucellosis,,,,
448,Brahma,Goat,Jamunapari,8.5,Female,102/88,102,93,Pale,36.4,Vaccinated,Swollen udder,Reduced milk yield,Mastitis,,,,
449,Vitala,Dog,Beagle,4.5,Male,103/66,87,95,Dark,19.3,Sick,Abortion,Joint swelling,Brucellosis,,,,
450,Kaveri,Cow,Gir,5.6,Female,132/77,63,92,Slightly Dark,268.9,Under Treatment,Abortion,Joint swelling,Brucellosis,,,,
451,Rama,Buffalo,Murrah,5.4,Male,129/89,103,93,Normal,893.3,Dizzy,Fever,Mouth lesions,PPR (Peste des petits ruminants),,,,
452,Krishna,Dog,Labrador,0.7,Female,124/78,86,97,Pale,32.8,Cold,Aggression,Salivation,Rabies,,,,
453,Vitala,Buffalo,Jaffarabadi,8.0,Female,140/70,108,97,Dark,816.1,Diarrhea,Blisters on mouth,Drooling,FMD (Foot and Mouth Disease),,,,
454,Krishna,Cow,Jersey,14.7,Female,94/60,69,96,Slightly Dark,332.1,Sick,Abortion,Joint swelling,Brucellosis,,,,
455,Pandu,Buffalo,Jaffarabadi,4.4,Male,130/63,78,95,Cloudy,689.7,Sick,,,Healthy,,,,
456,Brahma,Dog,Labrador,10.4,Female,131/88,67,95,Normal,25.9,Running Nose,Vomiting,Diarrhea,Parvovirus,,,,
457,Kaveri,Dog,Beagle,9.3,Female,138/85,108,97,Normal,7.4,Cold,Sneezing,Ulcers in mouth,Feline Calicivirus,,,,
458,Ganga,Goat,Saanen,9.2,Male,107/89,111,96,Dark,79.4,Diarrhea,Cough,Nasal discharge,Avian Influenza,,,,
459,Krishna,Buffalo,Murrah,7.3,Female,96/86,115,90,Slightly Dark,686.3,Cough,Swollen udder,Reduced milk yield,Mastitis,,,,
460,Tunga,Cow,Holstein,10.7,Female,120/70,102,95,Cloudy,527.9,Dizzy,Cough,Nasal discharge,Avian Influenza,,,,
461,Brahma,Buffalo,Murrah,3.6,Male,106/70,106,90,Cloudy,570.1,Dizzy,Cough,Nasal discharge,Avian Influenza,,,,
462,Brahma,Goat,Saanen,13.8,Male,124/80,66,92,Dark,55.3,Sick,,,Healthy,,,,
463,Rama,Goat,Boer,13.9,Female,95/75,99,95,Dark,36.0,Sick,Blisters on mouth,Drooling,FMD (Foot and Mouth Disease),,,,
464,Brahma,Buffalo,Murrah,5.1,Female,111/78,65,97,Slightly Dark,571.4,Under Treatment,Blisters on mouth,Drooling,FMD (Foot and Mouth Disease),,,,
465,Tunga,Hen,Leghorn,8.4,Male,127/71,76,90,Slightly Dark,2.3,Diarrhea,,,Healthy,,,,
466,Pandu,Sheep,Suffolk,8.8,Male,138/66,111,95,Slightly Dark,76.9,Diarrhea,,,Healthy,,,,
467,Krishna,Cat,Siamese,5.0,Male,92/83,106,93,Pale,9.3,Running Nose,,,Healthy,,,,
468,Kaveri,Sheep,Deccani,1.1,Male,106/64,90,94,Dark,37.4,Cough,Cough,Nasal discharge,Avian Influenza,,,,
469,Vitala,Cow,Gir,7.9,Female,119/75,92,96,Normal,312.4,Vaccinated,,,Healthy,,,,
470,Kaveri,Buffalo,Murrah,9.8,Female,101/77,69,97,Normal,536.7,Under Treatment,Vomiting,Diarrhea,Parvovirus,,,,
471,Krishna,Cow,Holstein,4.2,Female,126/88,69,93,Dark,293.5,Dizzy,Sudden death,Bloody discharge,Anthrax,,,,
472,Nandi,Buffalo,Murrah,5.0,Male,98/79,109,97,Cloudy,426.4,Running Nose,Abortion,Joint swelling,Brucellosis,,,,
473,Brahma,Dog,Pug,10.5,Male,132/73,94,97,Dark,7.8,Tired,Fever,Mouth lesions,PPR (Peste des petits ruminants),,,,
474,Sita,Hen,Rhode Island Red,6.0,Female,124/76,118,90,Cloudy,1.3,Tired,Cough,Nasal discharge,Avian Influenza,,,,
475,Rama,Cat,Siamese,9.1,Female,103/73,68,98,Slightly Dark,4.7,Running Nose,Swollen udder,Reduced milk yield,Mastitis,,,,
476,Tunga,Sheep,Merino,12.7,Female,103/81,115,95,Normal,53.2,Running Nose,Aggression,Salivation,Rabies,,,,
477,Tunga,Cat,Bengal,10.4,Male,122/83,118,90,Dark,6.5,Cough,Vomiting,Diarrhea,Parvovirus,,,,
478,Brahma,Cat,Bengal,6.4,Female,122/61,75,98,Normal,5.3,Vaccinated,Fever,Mouth lesions,PPR (Peste des petits ruminants),,,,
479,Rama,Sheep,Merino,9.5,Male,134/79,120,90,Dark,76.3,Vaccinated,,,Healthy,,,,
480,Pandu,Buffalo,Nili Ravi,2.4,Male,97/83,65,91,Normal,711.3,Under Treatment,Swollen udder,Reduced milk yield,Mastitis,,,,
481,Pandu,Sheep,Dorper,9.9,Female,100/61,112,94,Pale,69.7,Sick,Swollen udder,Reduced milk yield,Mastitis,,,,
482,Tunga,Sheep,Merino,11.9,Male,103/68,79,99,Dark,65.4,Running Nose,Fever,Mouth lesions,PPR (Peste des petits ruminants),,,,
483,Pandu,Cow,Sahiwal,9.4,Female,127/67,76,92,Slightly Dark,591.5,Fever,Blisters on mouth,Drooling,FMD (Foot and Mouth Disease),,,,
484,Ganga,Goat,Saanen,11.4,Male,103/72,111,93,Pale,78.8,Cough,Blisters on mouth,Drooling,FMD (Foot and Mouth Disease),,,,
485,Krishna,Sheep,Merino,6.7,Male,139/72,66,96,Dark,83.3,Under Treatment,Vomiting,Diarrhea,Parvovirus,,,,
486,Krishna,Sheep,Deccani,12.6,Female,128/68,90,93,Cloudy,53.5,Cough,Fever,Mouth lesions,PPR (Peste des petits ruminants),,,,
487,Brahma,Cow,Holstein,0.9,Male,94/81,92,99,Pale,403.1,Cold,,,Healthy,,,,
488,Ganga,Goat,Jamunapari,5.9,Female,96/71,102,92,Dark,62.5,Cough,Sudden death,Bloody discharge,Anthrax,,,,
489,Vitala,Sheep,Dorper,12.2,Male,134/79,66,97,Dark,50.2,Running Nose,Aggression,Salivation,Rabies,,,,
490,Kaveri,Cow,Holstein,4.2,Female,105/60,113,98,Dark,526.4,Healthy,Aggression,Salivation,Rabies,,,,
491,Pandu,Cat,Bengal,4.5,Female,100/86,83,97,Cloudy,3.8,Cough,Sudden death,Bloody discharge,Anthrax,,,,
492,Nandi,Cat,Siamese,4.3,Male,103/61,89,94,Slightly Dark,5.4,Sick,Swollen udder,Reduced milk yield,Mastitis,,,,
493,Tunga,Buffalo,Jaffarabadi,9.7,Male,130/60,65,92,Cloudy,650.5,Dizzy,Sneezing,Ulcers in mouth,Feline Calicivirus,,,,
494,Nandi,Goat,Barbari,13.8,Male,91/83,108,98,Dark,52.7,Diarrhea,Sudden death,Bloody discharge,Anthrax,,,,
495,Vitala,Goat,Barbari,1.7,Female,109/60,117,95,Dark,62.1,Sick,Aggression,Salivation,Rabies,,,,
496,Ganga,Sheep,Dorper,11.0,Female,112/83,110,91,Slightly Dark,72.5,Dizzy,,,Healthy,,,,
497,Brahma,Cow,Jersey,1.3,Female,113/77,107,90,Cloudy,649.1,Cold,Abortion,Joint swelling,Brucellosis,,,,
498,Tunga,Hen,Plymouth Rock,14.9,Male,114/79,60,90,Cloudy,3.7,Diarrhea,,,Healthy,,,,
499,Krishna,Goat,Saanen,5.3,Male,96/72,98,100,Pale,52.6,Under Treatment,Blisters on mouth,Drooling,FMD (Foot and Mouth Disease),,,,
500,Rama,Cow,Sahiwal,12.6,Female,135/88,117,97,Normal,573.9,Cough,Cough,Nasal discharge,Avian Influenza,,,,
